Timestamp,PM2.5,PM10,NO,NO2,NOx,NH3,SO2,CO,Ozone,Benzene,Toluene,Xylene,Temperature,Humidity,WindSpeed,WindDirection,Rainfall,TotalRainfall,SolarRadiation,BarometricPressure,Year,Month,Day,DayOfWeek,MonthName,Season,IsMonsoon,AQI_PM25,AQI_PM10,AQI,AQI_Category
2015-01-01,,,,,,,,,,,,,,,,,0.0,0.0,,,2015,1,1,Thursday,January,Winter,False,,,,Unknown
2015-01-02,,,,,,,,,,,,,,,,,0.0,0.0,,,2015,1,2,Friday,January,Winter,False,,,,Unknown
2015-01-03,,,,,,,,,,,,,,,,,0.0,0.0,,,2015,1,3,Saturday,January,Winter,False,,,,Unknown
2015-01-04,,,,,,,,,,,,,,,,,0.0,0.0,,,2015,1,4,Sunday,January,Winter,False,,,,Unknown
2015-01-05,,,,,,,,,,,,,,,,,0.0,0.0,,,2015,1,5,Monday,January,Winter,False,,,,Unknown
2015-01-06,,,,,,,,,,,,,,,,,0.0,0.0,,,2015,1,6,Tuesday,January,Winter,False,,,,Unknown
2015-01-07,,,,,,,,,,,,,,,,,0.0,0.0,,,2015,1,7,Wednesday,January,Winter,False,,,,Unknown
2015-01-08,,,,,,,,,,,,,,,,,0.0,0.0,,,2015,1,8,Thursday,January,Winter,False,,,,Unknown
2015-01-09,,,,,,,,,,,,,,,,,0.0,0.0,,,2015,1,9,Friday,January,Winter,False,,,,Unknown
2015-01-10,,,,,,,,,,,,,,,,,0.0,0.0,,,2015,1,10,Saturday,January,Winter,False,,,,Unknown
2015-01-11,,,,,,,,,,,,,,,,,0.0,0.0,,,2015,1,11,Sunday,January,Winter,False,,,,Unknown
2015-01-12,,,,,,,,,,,,,,,,,0.0,0.0,,,2015,1,12,Monday,January,Winter,False,,,,Unknown
2015-01-13,,,,,,,,,,,,,,,,,0.0,0.0,,,2015,1,13,Tuesday,January,Winter,False,,,,Unknown
2015-01-14,,,,,,,,,,,,,,,,,0.0,0.0,,,2015,1,14,Wednesday,January,Winter,False,,,,Unknown
2015-01-15,,,,,,,,,,,,,,,,,0.0,0.0,,,2015,1,15,Thursday,January,Winter,False,,,,Unknown
2015-01-16,,,,,,,,,,,,,,,,,0.0,0.0,,,2015,1,16,Friday,January,Winter,False,,,,Unknown
2015-01-17,,,,,,,,,,,,,,,,,0.0,0.0,,,2015,1,17,Saturday,January,Winter,False,,,,Unknown
2015-01-18,,,,,,,,,,,,,,,,,0.0,0.0,,,2015,1,18,Sunday,January,Winter,False,,,,Unknown
2015-01-19,,,,,,,,,,,,,,,,,0.0,0.0,,,2015,1,19,Monday,January,Winter,False,,,,Unknown
2015-01-20,,,,,,,,,,,,,,,,,0.0,0.0,,,2015,1,20,Tuesday,January,Winter,False,,,,Unknown
2015-01-21,,,,,,,,,,,,,,,,,0.0,0.0,,,2015,1,21,Wednesday,January,Winter,False,,,,Unknown
2015-01-22,,,,,,,,,,,,,,,,,0.0,0.0,,,2015,1,22,Thursday,January,Winter,False,,,,Unknown
2015-01-23,,,,,,,,,,,,,,,,,0.0,0.0,,,2015,1,23,Friday,January,Winter,False,,,,Unknown
2015-01-24,,,,,,,,,,,,,,,,,0.0,0.0,,,2015,1,24,Saturday,January,Winter,False,,,,Unknown
2015-01-25,,,,,,,,,,,,,,,,,0.0,0.0,,,2015,1,25,Sunday,January,Winter,False,,,,Unknown
2015-01-26,,,,,,,,,,,,,,,,,0.0,0.0,,,2015,1,26,Monday,January,Winter,False,,,,Unknown
2015-01-27,,,,,,,,,,,,,,,,,0.0,0.0,,,2015,1,27,Tuesday,January,Winter,False,,,,Unknown
2015-01-28,,,,,,,,,,,,,,,,,0.0,0.0,,,2015,1,28,Wednesday,January,Winter,False,,,,Unknown
2015-01-29,,,,,,,,,,,,,,,,,0.0,0.0,,,2015,1,29,Thursday,January,Winter,False,,,,Unknown
2015-01-30,,,,,,,,,,,,,,,,,0.0,0.0,,,2015,1,30,Friday,January,Winter,False,,,,Unknown
2015-01-31,,,,,,,,,,,,,,,,,0.0,0.0,,,2015,1,31,Saturday,January,Winter,False,,,,Unknown
2015-02-01,,,,,,,,,,,,,,,,,0.0,0.0,,,2015,2,1,Sunday,February,Winter,False,,,,Unknown
2015-02-02,,,,,,,,,,,,,,,,,0.0,0.0,,,2015,2,2,Monday,February,Winter,False,,,,Unknown
2015-02-03,,,,,,,,,,,,,,,,,0.0,0.0,,,2015,2,3,Tuesday,February,Winter,False,,,,Unknown
2015-02-04,,,,,,,,,,,,,,,,,0.0,0.0,,,2015,2,4,Wednesday,February,Winter,False,,,,Unknown
2015-02-05,,,,,,,,,,,,,,,,,0.0,0.0,,,2015,2,5,Thursday,February,Winter,False,,,,Unknown
2015-02-06,,,,,,,,,,,,,,,,,0.0,0.0,,,2015,2,6,Friday,February,Winter,False,,,,Unknown
2015-02-07,,,,,,,,,,,,,,,,,0.0,0.0,,,2015,2,7,Saturday,February,Winter,False,,,,Unknown
2015-02-08,,,,,,,,,,,,,,,,,0.0,0.0,,,2015,2,8,Sunday,February,Winter,False,,,,Unknown
2015-02-09,,,,,,,,,,,,,,,,,0.0,0.0,,,2015,2,9,Monday,February,Winter,False,,,,Unknown
2015-02-10,,,,,,,,,,,,,,,,,0.0,0.0,,,2015,2,10,Tuesday,February,Winter,False,,,,Unknown
2015-02-11,,,,,,,,,,,,,,,,,0.0,0.0,,,2015,2,11,Wednesday,February,Winter,False,,,,Unknown
2015-02-12,,,,,,,,,,,,,,,,,0.0,0.0,,,2015,2,12,Thursday,February,Winter,False,,,,Unknown
2015-02-13,,,,,,,,,,,,,,,,,0.0,0.0,,,2015,2,13,Friday,February,Winter,False,,,,Unknown
2015-02-14,,,,,,,,,,,,,,,,,0.0,0.0,,,2015,2,14,Saturday,February,Winter,False,,,,Unknown
2015-02-15,,,,,,,,,,,,,,,,,0.0,0.0,,,2015,2,15,Sunday,February,Winter,False,,,,Unknown
2015-02-16,,,,,,,,,,,,,,,,,0.0,0.0,,,2015,2,16,Monday,February,Winter,False,,,,Unknown
2015-02-17,,,,,,,,,,,,,,,,,0.0,0.0,,,2015,2,17,Tuesday,February,Winter,False,,,,Unknown
2015-02-18,,,,,,,,,,,,,,,,,0.0,0.0,,,2015,2,18,Wednesday,February,Winter,False,,,,Unknown
2015-02-19,,,,,,,,,,,,,,,,,0.0,0.0,,,2015,2,19,Thursday,February,Winter,False,,,,Unknown
2015-02-20,,,,,,,,,,,,,,,,,0.0,0.0,,,2015,2,20,Friday,February,Winter,False,,,,Unknown
2015-02-21,,,,,,,,,,,,,,,,,0.0,0.0,,,2015,2,21,Saturday,February,Winter,False,,,,Unknown
2015-02-22,,,,,,,,,,,,,,,,,0.0,0.0,,,2015,2,22,Sunday,February,Winter,False,,,,Unknown
2015-02-23,,,,,,,,,,,,,,,,,0.0,0.0,,,2015,2,23,Monday,February,Winter,False,,,,Unknown
2015-02-24,,,,,,,,,,,,,,,,,0.0,0.0,,,2015,2,24,Tuesday,February,Winter,False,,,,Unknown
2015-02-25,,,,,,,,,,,,,,,,,0.0,0.0,,,2015,2,25,Wednesday,February,Winter,False,,,,Unknown
2015-02-26,,,,,,,,,,,,,,,,,0.0,0.0,,,2015,2,26,Thursday,February,Winter,False,,,,Unknown
2015-02-27,,,,,,,,,,,,,,,,,0.0,0.0,,,2015,2,27,Friday,February,Winter,False,,,,Unknown
2015-02-28,,,,,,,,,,,,,,,,,0.0,0.0,,,2015,2,28,Saturday,February,Winter,False,,,,Unknown
2015-03-01,,,,,,,,,,,,,,,,,0.0,0.0,,,2015,3,1,Sunday,March,Spring,False,,,,Unknown
2015-03-02,,,,,,,,,,,,,,,,,0.0,0.0,,,2015,3,2,Monday,March,Spring,False,,,,Unknown
2015-03-03,,,,,,,,,,,,,,,,,0.0,0.0,,,2015,3,3,Tuesday,March,Spring,False,,,,Unknown
2015-03-04,,,,,,,,,,,,,,,,,0.0,0.0,,,2015,3,4,Wednesday,March,Spring,False,,,,Unknown
2015-03-05,,,,,,,,,,,,,,,,,0.0,0.0,,,2015,3,5,Thursday,March,Spring,False,,,,Unknown
2015-03-06,,,,,,,,,,,,,,,,,0.0,0.0,,,2015,3,6,Friday,March,Spring,False,,,,Unknown
2015-03-07,,,,,,,,,,,,,,,,,0.0,0.0,,,2015,3,7,Saturday,March,Spring,False,,,,Unknown
2015-03-08,,,,,,,,,,,,,,,,,0.0,0.0,,,2015,3,8,Sunday,March,Spring,False,,,,Unknown
2015-03-09,,,,,,,,,,,,,,,,,0.0,0.0,,,2015,3,9,Monday,March,Spring,False,,,,Unknown
2015-03-10,,,,,,,,,,,,,,,,,0.0,0.0,,,2015,3,10,Tuesday,March,Spring,False,,,,Unknown
2015-03-11,,,,,,,,,,,,,,,,,0.0,0.0,,,2015,3,11,Wednesday,March,Spring,False,,,,Unknown
2015-03-12,,,,,,,,,,,,,,,,,0.0,0.0,,,2015,3,12,Thursday,March,Spring,False,,,,Unknown
2015-03-13,,,,,,,,,,,,,,,,,0.0,0.0,,,2015,3,13,Friday,March,Spring,False,,,,Unknown
2015-03-14,,,,,,,,,,,,,,,,,0.0,0.0,,,2015,3,14,Saturday,March,Spring,False,,,,Unknown
2015-03-15,,,,,,,,,,,,,,,,,0.0,0.0,,,2015,3,15,Sunday,March,Spring,False,,,,Unknown
2015-03-16,,,,,,,,,,,,,,,,,0.0,0.0,,,2015,3,16,Monday,March,Spring,False,,,,Unknown
2015-03-17,,,,,,,,,,,,,,,,,0.0,0.0,,,2015,3,17,Tuesday,March,Spring,False,,,,Unknown
2015-03-18,,,,,,,,,,,,,,,,,0.0,0.0,,,2015,3,18,Wednesday,March,Spring,False,,,,Unknown
2015-03-19,,,,,,,,,,,,,,,,,0.0,0.0,,,2015,3,19,Thursday,March,Spring,False,,,,Unknown
2015-03-20,,,,,,,,,,,,,,,,,0.0,0.0,,,2015,3,20,Friday,March,Spring,False,,,,Unknown
2015-03-21,,,,,,,,,,,,,,,,,0.0,0.0,,,2015,3,21,Saturday,March,Spring,False,,,,Unknown
2015-03-22,,,,,,,,,,,,,,,,,0.0,0.0,,,2015,3,22,Sunday,March,Spring,False,,,,Unknown
2015-03-23,,,,,,,,,,,,,,,,,0.0,0.0,,,2015,3,23,Monday,March,Spring,False,,,,Unknown
2015-03-24,,,,,,,,,,,,,,,,,0.0,0.0,,,2015,3,24,Tuesday,March,Spring,False,,,,Unknown
2015-03-25,,,,,,,,,,,,,,,,,0.0,0.0,,,2015,3,25,Wednesday,March,Spring,False,,,,Unknown
2015-03-26,,,,,,,,,,,,,,,,,0.0,0.0,,,2015,3,26,Thursday,March,Spring,False,,,,Unknown
2015-03-27,,,,,,,,,,,,,,,,,0.0,0.0,,,2015,3,27,Friday,March,Spring,False,,,,Unknown
2015-03-28,,,,,,,,,,,,,,,,,0.0,0.0,,,2015,3,28,Saturday,March,Spring,False,,,,Unknown
2015-03-29,,,,,,,,,,,,,,,,,0.0,0.0,,,2015,3,29,Sunday,March,Spring,False,,,,Unknown
2015-03-30,,,,,,,,,,,,,,,,,0.0,0.0,,,2015,3,30,Monday,March,Spring,False,,,,Unknown
2015-03-31,,,,,,,,,,,,,,,,,0.0,0.0,,,2015,3,31,Tuesday,March,Spring,False,,,,Unknown
2015-04-01,,,,,,,,,,,,,,,,,0.0,0.0,,,2015,4,1,Wednesday,April,Spring,False,,,,Unknown
2015-04-02,,,,,,,,,,,,,,,,,0.0,0.0,,,2015,4,2,Thursday,April,Spring,False,,,,Unknown
2015-04-03,,,,,,,,,,,,,,,,,0.0,0.0,,,2015,4,3,Friday,April,Spring,False,,,,Unknown
2015-04-04,,,,,,,,,,,,,,,,,0.0,0.0,,,2015,4,4,Saturday,April,Spring,False,,,,Unknown
2015-04-05,,,,,,,,,,,,,,,,,0.0,0.0,,,2015,4,5,Sunday,April,Spring,False,,,,Unknown
2015-04-06,,,,,,,,,,,,,,,,,0.0,0.0,,,2015,4,6,Monday,April,Spring,False,,,,Unknown
2015-04-07,,,,,,,,,,,,,,,,,0.0,0.0,,,2015,4,7,Tuesday,April,Spring,False,,,,Unknown
2015-04-08,,,,,,,,,,,,,,,,,0.0,0.0,,,2015,4,8,Wednesday,April,Spring,False,,,,Unknown
2015-04-09,,,,,,,,,,,,,,,,,0.0,0.0,,,2015,4,9,Thursday,April,Spring,False,,,,Unknown
2015-04-10,,,,,,,,,,,,,,,,,0.0,0.0,,,2015,4,10,Friday,April,Spring,False,,,,Unknown
2015-04-11,,,,,,,,,,,,,,,,,0.0,0.0,,,2015,4,11,Saturday,April,Spring,False,,,,Unknown
2015-04-12,,,,,,,,,,,,,,,,,0.0,0.0,,,2015,4,12,Sunday,April,Spring,False,,,,Unknown
2015-04-13,,,,,,,,,,,,,,,,,0.0,0.0,,,2015,4,13,Monday,April,Spring,False,,,,Unknown
2015-04-14,,,,,,,,,,,,,,,,,0.0,0.0,,,2015,4,14,Tuesday,April,Spring,False,,,,Unknown
2015-04-15,,,,,,,,,,,,,,,,,0.0,0.0,,,2015,4,15,Wednesday,April,Spring,False,,,,Unknown
2015-04-16,,,,,,,,,,,,,,,,,0.0,0.0,,,2015,4,16,Thursday,April,Spring,False,,,,Unknown
2015-04-17,,,,,,,,,,,,,,,,,0.0,0.0,,,2015,4,17,Friday,April,Spring,False,,,,Unknown
2015-04-18,,,,,,,,,,,,,,,,,0.0,0.0,,,2015,4,18,Saturday,April,Spring,False,,,,Unknown
2015-04-19,,,,,,,,,,,,,,,,,0.0,0.0,,,2015,4,19,Sunday,April,Spring,False,,,,Unknown
2015-04-20,,,,,,,,,,,,,,,,,0.0,0.0,,,2015,4,20,Monday,April,Spring,False,,,,Unknown
2015-04-21,,,,,,,,,,,,,,,,,0.0,0.0,,,2015,4,21,Tuesday,April,Spring,False,,,,Unknown
2015-04-22,,,,,,,,,,,,,,,,,0.0,0.0,,,2015,4,22,Wednesday,April,Spring,False,,,,Unknown
2015-04-23,,,,,,,,,,,,,,,,,0.0,0.0,,,2015,4,23,Thursday,April,Spring,False,,,,Unknown
2015-04-24,,,,,,,,,,,,,,,,,0.0,0.0,,,2015,4,24,Friday,April,Spring,False,,,,Unknown
2015-04-25,,,,,,,,,,,,,,,,,0.0,0.0,,,2015,4,25,Saturday,April,Spring,False,,,,Unknown
2015-04-26,,,,,,,,,,,,,,,,,0.0,0.0,,,2015,4,26,Sunday,April,Spring,False,,,,Unknown
2015-04-27,,,,,,,,,,,,,,,,,0.0,0.0,,,2015,4,27,Monday,April,Spring,False,,,,Unknown
2015-04-28,,,,,,,,,,,,,,,,,0.0,0.0,,,2015,4,28,Tuesday,April,Spring,False,,,,Unknown
2015-04-29,,,,,,,,,,,,,,,,,0.0,0.0,,,2015,4,29,Wednesday,April,Spring,False,,,,Unknown
2015-04-30,,,,,,,,,,,,,,,,,0.0,0.0,,,2015,4,30,Thursday,April,Spring,False,,,,Unknown
2015-05-01,,,,,,,,,,,,,,,,,0.0,0.0,,,2015,5,1,Friday,May,Spring,False,,,,Unknown
2015-05-02,,,,,,,,,,,,,,,,,0.0,0.0,,,2015,5,2,Saturday,May,Spring,False,,,,Unknown
2015-05-03,,,,,,,,,,,,,,,,,0.0,0.0,,,2015,5,3,Sunday,May,Spring,False,,,,Unknown
2015-05-04,,,,,,,,,,,,,,,,,0.0,0.0,,,2015,5,4,Monday,May,Spring,False,,,,Unknown
2015-05-05,,,,,,,,,,,,,,,,,0.0,0.0,,,2015,5,5,Tuesday,May,Spring,False,,,,Unknown
2015-05-06,,,,,,,,,,,,,,,,,0.0,0.0,,,2015,5,6,Wednesday,May,Spring,False,,,,Unknown
2015-05-07,,,,,,,,,,,,,,,,,0.0,0.0,,,2015,5,7,Thursday,May,Spring,False,,,,Unknown
2015-05-08,,,,,,,,,,,,,,,,,0.0,0.0,,,2015,5,8,Friday,May,Spring,False,,,,Unknown
2015-05-09,,,,,,,,,,,,,,,,,0.0,0.0,,,2015,5,9,Saturday,May,Spring,False,,,,Unknown
2015-05-10,,,,,,,,,,,,,,,,,0.0,0.0,,,2015,5,10,Sunday,May,Spring,False,,,,Unknown
2015-05-11,,,,,,,,,,,,,,,,,0.0,0.0,,,2015,5,11,Monday,May,Spring,False,,,,Unknown
2015-05-12,,,,,,,,,,,,,,,,,0.0,0.0,,,2015,5,12,Tuesday,May,Spring,False,,,,Unknown
2015-05-13,,,,,,,,,,,,,,,,,0.0,0.0,,,2015,5,13,Wednesday,May,Spring,False,,,,Unknown
2015-05-14,,,,,,,,,,,,,,,,,0.0,0.0,,,2015,5,14,Thursday,May,Spring,False,,,,Unknown
2015-05-15,,,,,,,,,,,,,,,,,0.0,0.0,,,2015,5,15,Friday,May,Spring,False,,,,Unknown
2015-05-16,,,,,,,,,,,,,,,,,0.0,0.0,,,2015,5,16,Saturday,May,Spring,False,,,,Unknown
2015-05-17,,,,,,,,,,,,,,,,,0.0,0.0,,,2015,5,17,Sunday,May,Spring,False,,,,Unknown
2015-05-18,,,,,,,,,,,,,,,,,0.0,0.0,,,2015,5,18,Monday,May,Spring,False,,,,Unknown
2015-05-19,,,,,,,,,,,,,,,,,0.0,0.0,,,2015,5,19,Tuesday,May,Spring,False,,,,Unknown
2015-05-20,,,,,,,,,,,,,,,,,0.0,0.0,,,2015,5,20,Wednesday,May,Spring,False,,,,Unknown
2015-05-21,,,,,,,,,,,,,,,,,0.0,0.0,,,2015,5,21,Thursday,May,Spring,False,,,,Unknown
2015-05-22,,,,,,,,,,,,,,,,,0.0,0.0,,,2015,5,22,Friday,May,Spring,False,,,,Unknown
2015-05-23,,,,,,,,,,,,,,,,,0.0,0.0,,,2015,5,23,Saturday,May,Spring,False,,,,Unknown
2015-05-24,,,,,,,,,,,,,,,,,0.0,0.0,,,2015,5,24,Sunday,May,Spring,False,,,,Unknown
2015-05-25,,,,,,,,,,,,,,,,,0.0,0.0,,,2015,5,25,Monday,May,Spring,False,,,,Unknown
2015-05-26,,,,,,,,,,,,,,,,,0.0,0.0,,,2015,5,26,Tuesday,May,Spring,False,,,,Unknown
2015-05-27,,,,,,,,,,,,,,,,,0.0,0.0,,,2015,5,27,Wednesday,May,Spring,False,,,,Unknown
2015-05-28,,,,,,,,,,,,,,,,,0.0,0.0,,,2015,5,28,Thursday,May,Spring,False,,,,Unknown
2015-05-29,,,,,,,,,,,,,,,,,0.0,0.0,,,2015,5,29,Friday,May,Spring,False,,,,Unknown
2015-05-30,,,,,,,,,,,,,,,,,0.0,0.0,,,2015,5,30,Saturday,May,Spring,False,,,,Unknown
2015-05-31,,,,,,,,,,,,,,,,,0.0,0.0,,,2015,5,31,Sunday,May,Spring,False,,,,Unknown
2015-06-01,,,,,,,,,,,,,,,,,0.0,0.0,,,2015,6,1,Monday,June,Monsoon,True,,,,Unknown
2015-06-02,,,,,,,,,,,,,,,,,0.0,0.0,,,2015,6,2,Tuesday,June,Monsoon,True,,,,Unknown
2015-06-03,,,,,,,,,,,,,,,,,0.0,0.0,,,2015,6,3,Wednesday,June,Monsoon,True,,,,Unknown
2015-06-04,,,,,,,,,,,,,,,,,0.0,0.0,,,2015,6,4,Thursday,June,Monsoon,True,,,,Unknown
2015-06-05,,,,,,,,,,,,,,,,,0.0,0.0,,,2015,6,5,Friday,June,Monsoon,True,,,,Unknown
2015-06-06,,,,,,,,,,,,,,,,,0.0,0.0,,,2015,6,6,Saturday,June,Monsoon,True,,,,Unknown
2015-06-07,,,,,,,,,,,,,,,,,0.0,0.0,,,2015,6,7,Sunday,June,Monsoon,True,,,,Unknown
2015-06-08,,,,,,,,,,,,,,,,,0.0,0.0,,,2015,6,8,Monday,June,Monsoon,True,,,,Unknown
2015-06-09,,,,,,,,,,,,,,,,,0.0,0.0,,,2015,6,9,Tuesday,June,Monsoon,True,,,,Unknown
2015-06-10,,,,,,,,,,,,,,,,,0.0,0.0,,,2015,6,10,Wednesday,June,Monsoon,True,,,,Unknown
2015-06-11,,,,,,,,,,,,,,,,,0.0,0.0,,,2015,6,11,Thursday,June,Monsoon,True,,,,Unknown
2015-06-12,,,,,,,,,,,,,,,,,0.0,0.0,,,2015,6,12,Friday,June,Monsoon,True,,,,Unknown
2015-06-13,,,,,,,,,,,,,,,,,0.0,0.0,,,2015,6,13,Saturday,June,Monsoon,True,,,,Unknown
2015-06-14,,,,,,,,,,,,,,,,,0.0,0.0,,,2015,6,14,Sunday,June,Monsoon,True,,,,Unknown
2015-06-15,,,,,,,,,,,,,,,,,0.0,0.0,,,2015,6,15,Monday,June,Monsoon,True,,,,Unknown
2015-06-16,,,,,,,,,,,,,,,,,0.0,0.0,,,2015,6,16,Tuesday,June,Monsoon,True,,,,Unknown
2015-06-17,,,,,,,,,,,,,,,,,0.0,0.0,,,2015,6,17,Wednesday,June,Monsoon,True,,,,Unknown
2015-06-18,,,,,,,,,,,,,,,,,0.0,0.0,,,2015,6,18,Thursday,June,Monsoon,True,,,,Unknown
2015-06-19,,,,,,,,,,,,,,,,,0.0,0.0,,,2015,6,19,Friday,June,Monsoon,True,,,,Unknown
2015-06-20,,,,,,,,,,,,,,,,,0.0,0.0,,,2015,6,20,Saturday,June,Monsoon,True,,,,Unknown
2015-06-21,,,,,,,,,,,,,,,,,0.0,0.0,,,2015,6,21,Sunday,June,Monsoon,True,,,,Unknown
2015-06-22,,,,,,,,,,,,,,,,,0.0,0.0,,,2015,6,22,Monday,June,Monsoon,True,,,,Unknown
2015-06-23,,,,,,,,,,,,,,,,,0.0,0.0,,,2015,6,23,Tuesday,June,Monsoon,True,,,,Unknown
2015-06-24,,,,,,,,,,,,,,,,,0.0,0.0,,,2015,6,24,Wednesday,June,Monsoon,True,,,,Unknown
2015-06-25,,,,,,,,,,,,,,,,,0.0,0.0,,,2015,6,25,Thursday,June,Monsoon,True,,,,Unknown
2015-06-26,,,,,,,,,,,,,,,,,0.0,0.0,,,2015,6,26,Friday,June,Monsoon,True,,,,Unknown
2015-06-27,,,,,,,,,,,,,,,,,0.0,0.0,,,2015,6,27,Saturday,June,Monsoon,True,,,,Unknown
2015-06-28,,,,,,,,,,,,,,,,,0.0,0.0,,,2015,6,28,Sunday,June,Monsoon,True,,,,Unknown
2015-06-29,,,,,,,,,,,,,,,,,0.0,0.0,,,2015,6,29,Monday,June,Monsoon,True,,,,Unknown
2015-06-30,,,,,,,,,,,,,,,,,0.0,0.0,,,2015,6,30,Tuesday,June,Monsoon,True,,,,Unknown
2015-07-01,,,,,,,,,,,,,,,,,0.0,0.0,,,2015,7,1,Wednesday,July,Monsoon,True,,,,Unknown
2015-07-02,,,,,,,,,,,,,,,,,0.0,0.0,,,2015,7,2,Thursday,July,Monsoon,True,,,,Unknown
2015-07-03,,,,,,,,,,,,,,,,,0.0,0.0,,,2015,7,3,Friday,July,Monsoon,True,,,,Unknown
2015-07-04,,,,,,,,,,,,,,,,,0.0,0.0,,,2015,7,4,Saturday,July,Monsoon,True,,,,Unknown
2015-07-05,,,,,,,,,,,,,,,,,0.0,0.0,,,2015,7,5,Sunday,July,Monsoon,True,,,,Unknown
2015-07-06,,,,,,,,,,,,,,,,,0.0,0.0,,,2015,7,6,Monday,July,Monsoon,True,,,,Unknown
2015-07-07,,,,,,,,,,,,,,,,,0.0,0.0,,,2015,7,7,Tuesday,July,Monsoon,True,,,,Unknown
2015-07-08,,,,,,,,,,,,,,,,,0.0,0.0,,,2015,7,8,Wednesday,July,Monsoon,True,,,,Unknown
2015-07-09,,,,,,,,,,,,,,,,,0.0,0.0,,,2015,7,9,Thursday,July,Monsoon,True,,,,Unknown
2015-07-10,,,,,,,,,,,,,,,,,0.0,0.0,,,2015,7,10,Friday,July,Monsoon,True,,,,Unknown
2015-07-11,,,,,,,,,,,,,,,,,0.0,0.0,,,2015,7,11,Saturday,July,Monsoon,True,,,,Unknown
2015-07-12,,,,,,,,,,,,,,,,,0.0,0.0,,,2015,7,12,Sunday,July,Monsoon,True,,,,Unknown
2015-07-13,,,,,,,,,,,,,,,,,0.0,0.0,,,2015,7,13,Monday,July,Monsoon,True,,,,Unknown
2015-07-14,,,,,,,,,,,,,,,,,0.0,0.0,,,2015,7,14,Tuesday,July,Monsoon,True,,,,Unknown
2015-07-15,,,,,,,,,,,,,,,,,0.0,0.0,,,2015,7,15,Wednesday,July,Monsoon,True,,,,Unknown
2015-07-16,,,,,,,,,,,,,,,,,0.0,0.0,,,2015,7,16,Thursday,July,Monsoon,True,,,,Unknown
2015-07-17,,,,,,,,,,,,,,,,,0.0,0.0,,,2015,7,17,Friday,July,Monsoon,True,,,,Unknown
2015-07-18,,,,,,,,,,,,,,,,,0.0,0.0,,,2015,7,18,Saturday,July,Monsoon,True,,,,Unknown
2015-07-19,,,,,,,,,,,,,,,,,0.0,0.0,,,2015,7,19,Sunday,July,Monsoon,True,,,,Unknown
2015-07-20,,,,,,,,,,,,,,,,,0.0,0.0,,,2015,7,20,Monday,July,Monsoon,True,,,,Unknown
2015-07-21,,,,,,,,,,,,,,,,,0.0,0.0,,,2015,7,21,Tuesday,July,Monsoon,True,,,,Unknown
2015-07-22,,,,,,,,,,,,,,,,,0.0,0.0,,,2015,7,22,Wednesday,July,Monsoon,True,,,,Unknown
2015-07-23,,,,,,,,,,,,,,,,,0.0,0.0,,,2015,7,23,Thursday,July,Monsoon,True,,,,Unknown
2015-07-24,,,,,,,,,,,,,,,,,0.0,0.0,,,2015,7,24,Friday,July,Monsoon,True,,,,Unknown
2015-07-25,,,,,,,,,,,,,,,,,0.0,0.0,,,2015,7,25,Saturday,July,Monsoon,True,,,,Unknown
2015-07-26,,,,,,,,,,,,,,,,,0.0,0.0,,,2015,7,26,Sunday,July,Monsoon,True,,,,Unknown
2015-07-27,,,,,,,,,,,,,,,,,0.0,0.0,,,2015,7,27,Monday,July,Monsoon,True,,,,Unknown
2015-07-28,,,,,,,,,,,,,,,,,0.0,0.0,,,2015,7,28,Tuesday,July,Monsoon,True,,,,Unknown
2015-07-29,,,,,,,,,,,,,,,,,0.0,0.0,,,2015,7,29,Wednesday,July,Monsoon,True,,,,Unknown
2015-07-30,,,,,,,,,,,,,,,,,0.0,0.0,,,2015,7,30,Thursday,July,Monsoon,True,,,,Unknown
2015-07-31,,,,,,,,,,,,,,,,,0.0,0.0,,,2015,7,31,Friday,July,Monsoon,True,,,,Unknown
2015-08-01,,,,,,,,,,,,,,,,,0.0,0.0,,,2015,8,1,Saturday,August,Monsoon,True,,,,Unknown
2015-08-02,,,,,,,,,,,,,,,,,0.0,0.0,,,2015,8,2,Sunday,August,Monsoon,True,,,,Unknown
2015-08-03,,,,,,,,,,,,,,,,,0.0,0.0,,,2015,8,3,Monday,August,Monsoon,True,,,,Unknown
2015-08-04,,,,,,,,,,,,,,,,,0.0,0.0,,,2015,8,4,Tuesday,August,Monsoon,True,,,,Unknown
2015-08-05,,,,,,,,,,,,,,,,,0.0,0.0,,,2015,8,5,Wednesday,August,Monsoon,True,,,,Unknown
2015-08-06,,,,,,,,,,,,,,,,,0.0,0.0,,,2015,8,6,Thursday,August,Monsoon,True,,,,Unknown
2015-08-07,,,,,,,,,,,,,,,,,0.0,0.0,,,2015,8,7,Friday,August,Monsoon,True,,,,Unknown
2015-08-08,,,,,,,,,,,,,,,,,0.0,0.0,,,2015,8,8,Saturday,August,Monsoon,True,,,,Unknown
2015-08-09,,,,,,,,,,,,,,,,,0.0,0.0,,,2015,8,9,Sunday,August,Monsoon,True,,,,Unknown
2015-08-10,,,,,,,,,,,,,,,,,0.0,0.0,,,2015,8,10,Monday,August,Monsoon,True,,,,Unknown
2015-08-11,,,,,,,,,,,,,,,,,0.0,0.0,,,2015,8,11,Tuesday,August,Monsoon,True,,,,Unknown
2015-08-12,,,,,,,,,,,,,,,,,0.0,0.0,,,2015,8,12,Wednesday,August,Monsoon,True,,,,Unknown
2015-08-13,,,,,,,,,,,,,,,,,0.0,0.0,,,2015,8,13,Thursday,August,Monsoon,True,,,,Unknown
2015-08-14,,,,,,,,,,,,,,,,,0.0,0.0,,,2015,8,14,Friday,August,Monsoon,True,,,,Unknown
2015-08-15,,,,,,,,,,,,,,,,,0.0,0.0,,,2015,8,15,Saturday,August,Monsoon,True,,,,Unknown
2015-08-16,,,,,,,,,,,,,,,,,0.0,0.0,,,2015,8,16,Sunday,August,Monsoon,True,,,,Unknown
2015-08-17,,,,,,,,,,,,,,,,,0.0,0.0,,,2015,8,17,Monday,August,Monsoon,True,,,,Unknown
2015-08-18,,,,,,,,,,,,,,,,,0.0,0.0,,,2015,8,18,Tuesday,August,Monsoon,True,,,,Unknown
2015-08-19,,,,,,,,,,,,,,,,,0.0,0.0,,,2015,8,19,Wednesday,August,Monsoon,True,,,,Unknown
2015-08-20,,,,,,,,,,,,,,,,,0.0,0.0,,,2015,8,20,Thursday,August,Monsoon,True,,,,Unknown
2015-08-21,,,,,,,,,,,,,,,,,0.0,0.0,,,2015,8,21,Friday,August,Monsoon,True,,,,Unknown
2015-08-22,,,,,,,,,,,,,,,,,0.0,0.0,,,2015,8,22,Saturday,August,Monsoon,True,,,,Unknown
2015-08-23,,,,,,,,,,,,,,,,,0.0,0.0,,,2015,8,23,Sunday,August,Monsoon,True,,,,Unknown
2015-08-24,,,,,,,,,,,,,,,,,0.0,0.0,,,2015,8,24,Monday,August,Monsoon,True,,,,Unknown
2015-08-25,,,,,,,,,,,,,,,,,0.0,0.0,,,2015,8,25,Tuesday,August,Monsoon,True,,,,Unknown
2015-08-26,,,,,,,,,,,,,,,,,0.0,0.0,,,2015,8,26,Wednesday,August,Monsoon,True,,,,Unknown
2015-08-27,,,,,,,,,,,,,,,,,0.0,0.0,,,2015,8,27,Thursday,August,Monsoon,True,,,,Unknown
2015-08-28,,,,,,,,,,,,,,,,,0.0,0.0,,,2015,8,28,Friday,August,Monsoon,True,,,,Unknown
2015-08-29,,,,,,,,,,,,,,,,,0.0,0.0,,,2015,8,29,Saturday,August,Monsoon,True,,,,Unknown
2015-08-30,,,,,,,,,,,,,,,,,0.0,0.0,,,2015,8,30,Sunday,August,Monsoon,True,,,,Unknown
2015-08-31,,,,,,,,,,,,,,,,,0.0,0.0,,,2015,8,31,Monday,August,Monsoon,True,,,,Unknown
2015-09-01,,,,,,,,,,,,,,,,,0.0,0.0,,,2015,9,1,Tuesday,September,Monsoon,True,,,,Unknown
2015-09-02,,,,,,,,,,,,,,,,,0.0,0.0,,,2015,9,2,Wednesday,September,Monsoon,True,,,,Unknown
2015-09-03,,,,,,,,,,,,,,,,,0.0,0.0,,,2015,9,3,Thursday,September,Monsoon,True,,,,Unknown
2015-09-04,,,,,,,,,,,,,,,,,0.0,0.0,,,2015,9,4,Friday,September,Monsoon,True,,,,Unknown
2015-09-05,,,,,,,,,,,,,,,,,0.0,0.0,,,2015,9,5,Saturday,September,Monsoon,True,,,,Unknown
2015-09-06,,,,,,,,,,,,,,,,,0.0,0.0,,,2015,9,6,Sunday,September,Monsoon,True,,,,Unknown
2015-09-07,,,,,,,,,,,,,,,,,0.0,0.0,,,2015,9,7,Monday,September,Monsoon,True,,,,Unknown
2015-09-08,,,,,,,,,,,,,,,,,0.0,0.0,,,2015,9,8,Tuesday,September,Monsoon,True,,,,Unknown
2015-09-09,,,,,,,,,,,,,,,,,0.0,0.0,,,2015,9,9,Wednesday,September,Monsoon,True,,,,Unknown
2015-09-10,,,,,,,,,,,,,,,,,0.0,0.0,,,2015,9,10,Thursday,September,Monsoon,True,,,,Unknown
2015-09-11,,,,,,,,,,,,,,,,,0.0,0.0,,,2015,9,11,Friday,September,Monsoon,True,,,,Unknown
2015-09-12,,,,,,,,,,,,,,,,,0.0,0.0,,,2015,9,12,Saturday,September,Monsoon,True,,,,Unknown
2015-09-13,,,,,,,,,,,,,,,,,0.0,0.0,,,2015,9,13,Sunday,September,Monsoon,True,,,,Unknown
2015-09-14,,,,,,,,,,,,,,,,,0.0,0.0,,,2015,9,14,Monday,September,Monsoon,True,,,,Unknown
2015-09-15,,,,,,,,,,,,,,,,,0.0,0.0,,,2015,9,15,Tuesday,September,Monsoon,True,,,,Unknown
2015-09-16,,,,,,,,,,,,,,,,,0.0,0.0,,,2015,9,16,Wednesday,September,Monsoon,True,,,,Unknown
2015-09-17,,,,,,,,,,,,,,,,,0.0,0.0,,,2015,9,17,Thursday,September,Monsoon,True,,,,Unknown
2015-09-18,,,,,,,,,,,,,,,,,0.0,0.0,,,2015,9,18,Friday,September,Monsoon,True,,,,Unknown
2015-09-19,,,,,,,,,,,,,,,,,0.0,0.0,,,2015,9,19,Saturday,September,Monsoon,True,,,,Unknown
2015-09-20,,,,,,,,,,,,,,,,,0.0,0.0,,,2015,9,20,Sunday,September,Monsoon,True,,,,Unknown
2015-09-21,,,,,,,,,,,,,,,,,0.0,0.0,,,2015,9,21,Monday,September,Monsoon,True,,,,Unknown
2015-09-22,,,,,,,,,,,,,,,,,0.0,0.0,,,2015,9,22,Tuesday,September,Monsoon,True,,,,Unknown
2015-09-23,,,,,,,,,,,,,,,,,0.0,0.0,,,2015,9,23,Wednesday,September,Monsoon,True,,,,Unknown
2015-09-24,,,,,,,,,,,,,,,,,0.0,0.0,,,2015,9,24,Thursday,September,Monsoon,True,,,,Unknown
2015-09-25,,,,,,,,,,,,,,,,,0.0,0.0,,,2015,9,25,Friday,September,Monsoon,True,,,,Unknown
2015-09-26,,,,,,,,,,,,,,,,,0.0,0.0,,,2015,9,26,Saturday,September,Monsoon,True,,,,Unknown
2015-09-27,,,,,,,,,,,,,,,,,0.0,0.0,,,2015,9,27,Sunday,September,Monsoon,True,,,,Unknown
2015-09-28,,,,,,,,,,,,,,,,,0.0,0.0,,,2015,9,28,Monday,September,Monsoon,True,,,,Unknown
2015-09-29,,,,,,,,,,,,,,,,,0.0,0.0,,,2015,9,29,Tuesday,September,Monsoon,True,,,,Unknown
2015-09-30,,,,,,,,,,,,,,,,,0.0,0.0,,,2015,9,30,Wednesday,September,Monsoon,True,,,,Unknown
2015-10-01,,,,,,,,,,,,,,,,,0.0,0.0,,,2015,10,1,Thursday,October,Post-Monsoon,False,,,,Unknown
2015-10-02,,,,,,,,,,,,,,,,,0.0,0.0,,,2015,10,2,Friday,October,Post-Monsoon,False,,,,Unknown
2015-10-03,,,,,,,,,,,,,,,,,0.0,0.0,,,2015,10,3,Saturday,October,Post-Monsoon,False,,,,Unknown
2015-10-04,,,,,,,,,,,,,,,,,0.0,0.0,,,2015,10,4,Sunday,October,Post-Monsoon,False,,,,Unknown
2015-10-05,,,,,,,,,,,,,,,,,0.0,0.0,,,2015,10,5,Monday,October,Post-Monsoon,False,,,,Unknown
2015-10-06,,,,,,,,,,,,,,,,,0.0,0.0,,,2015,10,6,Tuesday,October,Post-Monsoon,False,,,,Unknown
2015-10-07,,,,,,,,,,,,,,,,,0.0,0.0,,,2015,10,7,Wednesday,October,Post-Monsoon,False,,,,Unknown
2015-10-08,,,,,,,,,,,,,,,,,0.0,0.0,,,2015,10,8,Thursday,October,Post-Monsoon,False,,,,Unknown
2015-10-09,,,,,,,,,,,,,,,,,0.0,0.0,,,2015,10,9,Friday,October,Post-Monsoon,False,,,,Unknown
2015-10-10,,,,,,,,,,,,,,,,,0.0,0.0,,,2015,10,10,Saturday,October,Post-Monsoon,False,,,,Unknown
2015-10-11,,,,,,,,,,,,,,,,,0.0,0.0,,,2015,10,11,Sunday,October,Post-Monsoon,False,,,,Unknown
2015-10-12,,,,,,,,,,,,,,,,,0.0,0.0,,,2015,10,12,Monday,October,Post-Monsoon,False,,,,Unknown
2015-10-13,,,,,,,,,,,,,,,,,0.0,0.0,,,2015,10,13,Tuesday,October,Post-Monsoon,False,,,,Unknown
2015-10-14,,,,,,,,,,,,,,,,,0.0,0.0,,,2015,10,14,Wednesday,October,Post-Monsoon,False,,,,Unknown
2015-10-15,,,,,,,,,,,,,,,,,0.0,0.0,,,2015,10,15,Thursday,October,Post-Monsoon,False,,,,Unknown
2015-10-16,,,,,,,,,,,,,,,,,0.0,0.0,,,2015,10,16,Friday,October,Post-Monsoon,False,,,,Unknown
2015-10-17,,,,,,,,,,,,,,,,,0.0,0.0,,,2015,10,17,Saturday,October,Post-Monsoon,False,,,,Unknown
2015-10-18,,,,,,,,,,,,,,,,,0.0,0.0,,,2015,10,18,Sunday,October,Post-Monsoon,False,,,,Unknown
2015-10-19,,,,,,,,,,,,,,,,,0.0,0.0,,,2015,10,19,Monday,October,Post-Monsoon,False,,,,Unknown
2015-10-20,,,,,,,,,,,,,,,,,0.0,0.0,,,2015,10,20,Tuesday,October,Post-Monsoon,False,,,,Unknown
2015-10-21,,,,,,,,,,,,,,,,,0.0,0.0,,,2015,10,21,Wednesday,October,Post-Monsoon,False,,,,Unknown
2015-10-22,,,,,,,,,,,,,,,,,0.0,0.0,,,2015,10,22,Thursday,October,Post-Monsoon,False,,,,Unknown
2015-10-23,,,,,,,,,,,,,,,,,0.0,0.0,,,2015,10,23,Friday,October,Post-Monsoon,False,,,,Unknown
2015-10-24,,,,,,,,,,,,,,,,,0.0,0.0,,,2015,10,24,Saturday,October,Post-Monsoon,False,,,,Unknown
2015-10-25,,,,,,,,,,,,,,,,,0.0,0.0,,,2015,10,25,Sunday,October,Post-Monsoon,False,,,,Unknown
2015-10-26,,,,,,,,,,,,,,,,,0.0,0.0,,,2015,10,26,Monday,October,Post-Monsoon,False,,,,Unknown
2015-10-27,,,,,,,,,,,,,,,,,0.0,0.0,,,2015,10,27,Tuesday,October,Post-Monsoon,False,,,,Unknown
2015-10-28,,,,,,,,,,,,,,,,,0.0,0.0,,,2015,10,28,Wednesday,October,Post-Monsoon,False,,,,Unknown
2015-10-29,,,,,,,,,,,,,,,,,0.0,0.0,,,2015,10,29,Thursday,October,Post-Monsoon,False,,,,Unknown
2015-10-30,,,,,,,,,,,,,,,,,0.0,0.0,,,2015,10,30,Friday,October,Post-Monsoon,False,,,,Unknown
2015-10-31,,,,,,,,,,,,,,,,,0.0,0.0,,,2015,10,31,Saturday,October,Post-Monsoon,False,,,,Unknown
2015-11-01,,,,,,,,,,,,,,,,,0.0,0.0,,,2015,11,1,Sunday,November,Post-Monsoon,False,,,,Unknown
2015-11-02,,,,,,,,,,,,,,,,,0.0,0.0,,,2015,11,2,Monday,November,Post-Monsoon,False,,,,Unknown
2015-11-03,,,,,,,,,,,,,,,,,0.0,0.0,,,2015,11,3,Tuesday,November,Post-Monsoon,False,,,,Unknown
2015-11-04,,,,,,,,,,,,,,,,,0.0,0.0,,,2015,11,4,Wednesday,November,Post-Monsoon,False,,,,Unknown
2015-11-05,,,,,,,,,,,,,,,,,0.0,0.0,,,2015,11,5,Thursday,November,Post-Monsoon,False,,,,Unknown
2015-11-06,,,,,,,,,,,,,,,,,0.0,0.0,,,2015,11,6,Friday,November,Post-Monsoon,False,,,,Unknown
2015-11-07,,,,,,,,,,,,,,,,,0.0,0.0,,,2015,11,7,Saturday,November,Post-Monsoon,False,,,,Unknown
2015-11-08,,,,,,,,,,,,,,,,,0.0,0.0,,,2015,11,8,Sunday,November,Post-Monsoon,False,,,,Unknown
2015-11-09,,,,,,,,,,,,,,,,,0.0,0.0,,,2015,11,9,Monday,November,Post-Monsoon,False,,,,Unknown
2015-11-10,,,,,,,,,,,,,,,,,0.0,0.0,,,2015,11,10,Tuesday,November,Post-Monsoon,False,,,,Unknown
2015-11-11,,,,,,,,,,,,,,,,,0.0,0.0,,,2015,11,11,Wednesday,November,Post-Monsoon,False,,,,Unknown
2015-11-12,,,,,,,,,,,,,,,,,0.0,0.0,,,2015,11,12,Thursday,November,Post-Monsoon,False,,,,Unknown
2015-11-13,,,,,,,,,,,,,,,,,0.0,0.0,,,2015,11,13,Friday,November,Post-Monsoon,False,,,,Unknown
2015-11-14,,,,,,,,,,,,,,,,,0.0,0.0,,,2015,11,14,Saturday,November,Post-Monsoon,False,,,,Unknown
2015-11-15,,,,,,,,,,,,,,,,,0.0,0.0,,,2015,11,15,Sunday,November,Post-Monsoon,False,,,,Unknown
2015-11-16,,,,,,,,,,,,,,,,,0.0,0.0,,,2015,11,16,Monday,November,Post-Monsoon,False,,,,Unknown
2015-11-17,,,,,,,,,,,,,,,,,0.0,0.0,,,2015,11,17,Tuesday,November,Post-Monsoon,False,,,,Unknown
2015-11-18,,,,,,,,,,,,,,,,,0.0,0.0,,,2015,11,18,Wednesday,November,Post-Monsoon,False,,,,Unknown
2015-11-19,,,,,,,,,,,,,,,,,0.0,0.0,,,2015,11,19,Thursday,November,Post-Monsoon,False,,,,Unknown
2015-11-20,,,,,,,,,,,,,,,,,0.0,0.0,,,2015,11,20,Friday,November,Post-Monsoon,False,,,,Unknown
2015-11-21,,,,,,,,,,,,,,,,,0.0,0.0,,,2015,11,21,Saturday,November,Post-Monsoon,False,,,,Unknown
2015-11-22,,,,,,,,,,,,,,,,,0.0,0.0,,,2015,11,22,Sunday,November,Post-Monsoon,False,,,,Unknown
2015-11-23,,,,,,,,,,,,,,,,,0.0,0.0,,,2015,11,23,Monday,November,Post-Monsoon,False,,,,Unknown
2015-11-24,,,,,,,,,,,,,,,,,0.0,0.0,,,2015,11,24,Tuesday,November,Post-Monsoon,False,,,,Unknown
2015-11-25,,,,,,,,,,,,,,,,,0.0,0.0,,,2015,11,25,Wednesday,November,Post-Monsoon,False,,,,Unknown
2015-11-26,,,,,,,,,,,,,,,,,0.0,0.0,,,2015,11,26,Thursday,November,Post-Monsoon,False,,,,Unknown
2015-11-27,,,,,,,,,,,,,,,,,0.0,0.0,,,2015,11,27,Friday,November,Post-Monsoon,False,,,,Unknown
2015-11-28,,,,,,,,,,,,,,,,,0.0,0.0,,,2015,11,28,Saturday,November,Post-Monsoon,False,,,,Unknown
2015-11-29,,,,,,,,,,,,,,,,,0.0,0.0,,,2015,11,29,Sunday,November,Post-Monsoon,False,,,,Unknown
2015-11-30,,,,,,,,,,,,,,,,,0.0,0.0,,,2015,11,30,Monday,November,Post-Monsoon,False,,,,Unknown
2015-12-01,,,,,,,,,,,,,,,,,0.0,0.0,,,2015,12,1,Tuesday,December,Winter,False,,,,Unknown
2015-12-02,,,,,,,,,,,,,,,,,0.0,0.0,,,2015,12,2,Wednesday,December,Winter,False,,,,Unknown
2015-12-03,,,,,,,,,,,,,,,,,0.0,0.0,,,2015,12,3,Thursday,December,Winter,False,,,,Unknown
2015-12-04,,,,,,,,,,,,,,,,,0.0,0.0,,,2015,12,4,Friday,December,Winter,False,,,,Unknown
2015-12-05,,,,,,,,,,,,,,,,,0.0,0.0,,,2015,12,5,Saturday,December,Winter,False,,,,Unknown
2015-12-06,,,,,,,,,,,,,,,,,0.0,0.0,,,2015,12,6,Sunday,December,Winter,False,,,,Unknown
2015-12-07,,,,,,,,,,,,,,,,,0.0,0.0,,,2015,12,7,Monday,December,Winter,False,,,,Unknown
2015-12-08,,,,,,,,,,,,,,,,,0.0,0.0,,,2015,12,8,Tuesday,December,Winter,False,,,,Unknown
2015-12-09,,,,,,,,,,,,,,,,,0.0,0.0,,,2015,12,9,Wednesday,December,Winter,False,,,,Unknown
2015-12-10,,,,,,,,,,,,,,,,,0.0,0.0,,,2015,12,10,Thursday,December,Winter,False,,,,Unknown
2015-12-11,,,,,,,,,,,,,,,,,0.0,0.0,,,2015,12,11,Friday,December,Winter,False,,,,Unknown
2015-12-12,,,,,,,,,,,,,,,,,0.0,0.0,,,2015,12,12,Saturday,December,Winter,False,,,,Unknown
2015-12-13,,,,,,,,,,,,,,,,,0.0,0.0,,,2015,12,13,Sunday,December,Winter,False,,,,Unknown
2015-12-14,,,,,,,,,,,,,,,,,0.0,0.0,,,2015,12,14,Monday,December,Winter,False,,,,Unknown
2015-12-15,,,,,,,,,,,,,,,,,0.0,0.0,,,2015,12,15,Tuesday,December,Winter,False,,,,Unknown
2015-12-16,,,,,,,,,,,,,,,,,0.0,0.0,,,2015,12,16,Wednesday,December,Winter,False,,,,Unknown
2015-12-17,,,,,,,,,,,,,,,,,0.0,0.0,,,2015,12,17,Thursday,December,Winter,False,,,,Unknown
2015-12-18,,,,,,,,,,,,,,,,,0.0,0.0,,,2015,12,18,Friday,December,Winter,False,,,,Unknown
2015-12-19,,,,,,,,,,,,,,,,,0.0,0.0,,,2015,12,19,Saturday,December,Winter,False,,,,Unknown
2015-12-20,,,,,,,,,,,,,,,,,0.0,0.0,,,2015,12,20,Sunday,December,Winter,False,,,,Unknown
2015-12-21,,,,,,,,,,,,,,,,,0.0,0.0,,,2015,12,21,Monday,December,Winter,False,,,,Unknown
2015-12-22,,,,,,,,,,,,,,,,,0.0,0.0,,,2015,12,22,Tuesday,December,Winter,False,,,,Unknown
2015-12-23,,,,,,,,,,,,,,,,,0.0,0.0,,,2015,12,23,Wednesday,December,Winter,False,,,,Unknown
2015-12-24,,,,,,,,,,,,,,,,,0.0,0.0,,,2015,12,24,Thursday,December,Winter,False,,,,Unknown
2015-12-25,,,,,,,,,,,,,,,,,0.0,0.0,,,2015,12,25,Friday,December,Winter,False,,,,Unknown
2015-12-26,,,,,,,,,,,,,,,,,0.0,0.0,,,2015,12,26,Saturday,December,Winter,False,,,,Unknown
2015-12-27,,,,,,,,,,,,,,,,,0.0,0.0,,,2015,12,27,Sunday,December,Winter,False,,,,Unknown
2015-12-28,,,,,,,,,,,,,,,,,0.0,0.0,,,2015,12,28,Monday,December,Winter,False,,,,Unknown
2015-12-29,,,,,,,,,,,,,,,,,0.0,0.0,,,2015,12,29,Tuesday,December,Winter,False,,,,Unknown
2015-12-30,,,,,,,,,,,,,,,,,0.0,0.0,,,2015,12,30,Wednesday,December,Winter,False,,,,Unknown
2015-12-31,,,,,,,,,,,,,,,,,0.0,0.0,,,2015,12,31,Thursday,December,Winter,False,,,,Unknown
